53,17,tensor(11),{27: 0.986842, 11: 0.9736840128898621},117000,tensor([-0.0155, -0.0434,  0.0533,  ...,  0.0562, -0.0524,  0.0190])
63,30,tensor(11),{27: 0.986842, 11: 0.986842},117000,tensor([-0.0149, -0.0455,  0.0549,  ...,  0.0548, -0.0519,  0.0190])
73,30,tensor(11),{27: 0.986842, 11: 0.986842},117000,tensor([-0.0149, -0.0455,  0.0549,  ...,  0.0548, -0.0519,  0.0190])
93,32,tensor(11),{27: 0.986842, 11: 1.0},117000,tensor([-0.0193, -0.0409,  0.0530,  ...,  0.0535, -0.0494,  0.0190])
103,20,tensor(25),{27: 0.986842, 11: 1.0, 25: 0.010638000443577766},117000,tensor([ 0.0033, -0.0758,  0.0775,  ...,  0.0226, -0.0670,  0.0097])
113,20,tensor(25),{27: 0.986842, 11: 1.0, 25: 0.010638},117000,tensor([ 0.0033, -0.0758,  0.0775,  ...,  0.0226, -0.0670,  0.0097])
123,20,tensor(25),{27: 0.986842, 11: 1.0, 25: 0.010638},117000,tensor([ 0.0033, -0.0758,  0.0775,  ...,  0.0226, -0.0670,  0.0097])
133,20,tensor(25),{27: 0.986842, 11: 1.0, 25: 0.010638},117000,tensor([ 0.0033, -0.0758,  0.0775,  ...,  0.0226, -0.0670,  0.0097])
143,20,tensor(25),{27: 0.986842, 11: 1.0, 25: 0.010638},117000,tensor([ 0.0033, -0.0758,  0.0775,  ...,  0.0226, -0.0670,  0.0097])
153,12,tensor(16),{27: 0.986842, 11: 1.0, 25: 0.010638, 16: 0.21483899652957916},117000,tensor([-0.0143, -0.0329,  0.0579,  ..., -0.0262, -0.0064, -0.0047])
194,2,tensor(16),{27: 0.986842, 11: 1.0, 25: 0.010638, 16: 0.207778},117000,tensor([-0.0102, -0.0363,  0.0617,  ..., -0.0202,  0.0007, -0.0047])
204,17,tensor(26),{27: 0.986842, 11: 1.0, 25: 0.010638, 16: 0.207778, 26: 0.9868419766426086},117000,tensor([-0.0041, -0.0636,  0.0752,  ...,  0.0627, -0.0679,  0.0079])
225,17,tensor(26),{27: 0.986842, 11: 1.0, 25: 0.010638, 16: 0.207778, 26: 0.986842},117000,tensor([-0.0041, -0.0636,  0.0752,  ...,  0.0627, -0.0679,  0.0079])
245,17,tensor(26),{27: 0.986842, 11: 1.0, 25: 0.010638, 16: 0.207778, 26: 0.986842},117000,tensor([-0.0041, -0.0636,  0.0752,  ...,  0.0627, -0.0679,  0.0079])
255,14,tensor(23),{27: 0.986842, 11: 1.0, 25: 0.010638, 16: 0.207778, 26: 0.986842, 23: 1.0},117000,tensor([ 0.0116, -0.0732,  0.0811,  ...,  0.0495, -0.0607,  0.0002])
265,5,tensor(23),{27: 0.986842, 11: 1.0, 25: 0.010638, 16: 0.207778, 26: 0.986842, 23: 0.986842},117000,tensor([ 0.0137, -0.0754,  0.0833,  ...,  0.0502, -0.0607,  0.0003])
285,5,tensor(23),{27: 0.986842, 11: 1.0, 25: 0.010638, 16: 0.207778, 26: 0.986842, 23: 0.986842},117000,tensor([ 0.0137, -0.0754,  0.0833,  ...,  0.0502, -0.0607,  0.0003])
295,21,tensor(23),{27: 0.986842, 11: 1.0, 25: 0.010638, 16: 0.207778, 26: 0.986842, 23: 1.0},117000,tensor([ 6.5955e-03, -7.0397e-02,  7.9438e-02,  ...,  4.3142e-02,
        -6.0738e-02,  5.0317e-05])
305,6,tensor(4),{27: 0.986842, 11: 1.0, 25: 0.010638, 16: 0.207778, 26: 0.986842, 23: 1.0, 4: 1.0},117000,tensor([-0.0158, -0.0501,  0.0591,  ...,  0.0636, -0.0670,  0.0177])
315,6,tensor(4),{27: 0.986842, 11: 1.0, 25: 0.010638, 16: 0.207778, 26: 0.986842, 23: 1.0, 4: 1.0},117000,tensor([-0.0158, -0.0501,  0.0591,  ...,  0.0636, -0.0670,  0.0177])
325,6,tensor(4),{27: 0.986842, 11: 1.0, 25: 0.010638, 16: 0.207778, 26: 0.986842, 23: 1.0, 4: 1.0},117000,tensor([-0.0158, -0.0501,  0.0591,  ...,  0.0636, -0.0670,  0.0177])
345,6,tensor(4),{27: 0.986842, 11: 1.0, 25: 0.010638, 16: 0.207778, 26: 0.986842, 23: 1.0, 4: 1.0},117000,tensor([-0.0158, -0.0501,  0.0591,  ...,  0.0636, -0.0670,  0.0177])
355,7,tensor(5),{27: 0.986842, 11: 1.0, 25: 0.010638, 16: 0.207778, 26: 0.986842, 23: 1.0, 4: 1.0, 5: 1.0},117000,tensor([-0.0107, -0.0546,  0.0629,  ...,  0.0511, -0.0661,  0.0135])
385,2,tensor(5),{27: 0.986842, 11: 1.0, 25: 0.010638, 16: 0.207778, 26: 0.986842, 23: 1.0, 4: 1.0, 5: 1.0},117000,tensor([-0.0113, -0.0538,  0.0615,  ...,  0.0511, -0.0661,  0.0135])
395,2,tensor(5),{27: 0.986842, 11: 1.0, 25: 0.010638, 16: 0.207778, 26: 0.986842, 23: 1.0, 4: 1.0, 5: 1.0},117000,tensor([-0.0113, -0.0538,  0.0615,  ...,  0.0511, -0.0661,  0.0135])
405,1,tensor(28),{27: 0.986842, 11: 1.0, 25: 0.010638, 16: 0.207778, 26: 0.986842, 23: 1.0, 4: 1.0, 5: 1.0, 28: 1.0},117000,tensor([-0.0022, -0.0704,  0.0866,  ...,  0.0345, -0.0699,  0.0190])
435,1,tensor(28),{27: 0.986842, 11: 1.0, 25: 0.010638, 16: 0.207778, 26: 0.986842, 23: 1.0, 4: 1.0, 5: 1.0, 28: 1.0},117000,tensor([-0.0022, -0.0704,  0.0866,  ...,  0.0345, -0.0699,  0.0190])
445,1,tensor(28),{27: 0.986842, 11: 1.0, 25: 0.010638, 16: 0.207778, 26: 0.986842, 23: 1.0, 4: 1.0, 5: 1.0, 28: 1.0},117000,tensor([-0.0022, -0.0704,  0.0866,  ...,  0.0345, -0.0699,  0.0190])
455,14,tensor(24),{27: 0.986842, 11: 1.0, 25: 0.010638, 16: 0.207778, 26: 0.986842, 23: 1.0, 4: 1.0, 5: 1.0, 28: 1.0, 24: 0.2972460091114044},117000,tensor([-0.0287, -0.0567,  0.0680,  ...,  0.0284, -0.0678,  0.0190])
466,14,tensor(24),{27: 0.986842, 11: 1.0, 25: 0.010638, 16: 0.207778, 26: 0.986842, 23: 1.0, 4: 1.0, 5: 1.0, 28: 1.0, 24: 0.240917},117000,tensor([-0.0287, -0.0567,  0.0680,  ...,  0.0284, -0.0678,  0.0190])
476,14,tensor(24),{27: 0.986842, 11: 1.0, 25: 0.010638, 16: 0.207778, 26: 0.986842, 23: 1.0, 4: 1.0, 5: 1.0, 28: 1.0, 24: 0.240917},117000,tensor([-0.0287, -0.0567,  0.0680,  ...,  0.0284, -0.0678,  0.0190])
506,3,tensor(12),{27: 0.986842, 11: 1.0, 25: 0.010638, 16: 0.207778, 26: 0.986842, 23: 1.0, 4: 1.0, 5: 1.0, 28: 1.0, 24: 0.240917, 12: 1.0},117000,tensor([-0.0269, -0.0552,  0.0713,  ...,  0.0538, -0.0670,  0.0190])
516,3,tensor(12),{27: 0.986842, 11: 1.0, 25: 0.010638, 16: 0.207778, 26: 0.986842, 23: 1.0, 4: 1.0, 5: 1.0, 28: 1.0, 24: 0.240917, 12: 1.0},117000,tensor([-0.0269, -0.0552,  0.0713,  ...,  0.0538, -0.0670,  0.0190])
526,3,tensor(12),{27: 0.986842, 11: 1.0, 25: 0.010638, 16: 0.207778, 26: 0.986842, 23: 1.0, 4: 1.0, 5: 1.0, 28: 1.0, 24: 0.240917, 12: 1.0},117000,tensor([-0.0269, -0.0552,  0.0713,  ...,  0.0538, -0.0670,  0.0190])
536,3,tensor(12),{27: 0.986842, 11: 1.0, 25: 0.010638, 16: 0.207778, 26: 0.986842, 23: 1.0, 4: 1.0, 5: 1.0, 28: 1.0, 24: 0.240917, 12: 1.0},117000,tensor([-0.0269, -0.0552,  0.0713,  ...,  0.0538, -0.0670,  0.0190])
556,3,tensor(18),{27: 0.986842, 11: 1.0, 25: 0.010638, 16: 0.207778, 26: 0.986842, 23: 1.0, 4: 1.0, 5: 1.0, 28: 1.0, 24: 0.240917, 12: 1.0, 18: 1.0},117000,tensor([ 0.0593, -0.0127,  0.0236,  ..., -0.0499, -0.0444,  0.0577])
586,3,tensor(18),{27: 0.986842, 11: 1.0, 25: 0.010638, 16: 0.207778, 26: 0.986842, 23: 1.0, 4: 1.0, 5: 1.0, 28: 1.0, 24: 0.240917, 12: 1.0, 18: 1.0},117000,tensor([ 0.0593, -0.0127,  0.0236,  ..., -0.0499, -0.0444,  0.0577])
596,3,tensor(18),{27: 0.986842, 11: 1.0, 25: 0.010638, 16: 0.207778, 26: 0.986842, 23: 1.0, 4: 1.0, 5: 1.0, 28: 1.0, 24: 0.240917, 12: 1.0, 18: 1.0},117000,tensor([ 0.0593, -0.0127,  0.0236,  ..., -0.0499, -0.0444,  0.0577])
606,1,tensor(14),{27: 0.986842, 11: 1.0, 25: 0.010638, 16: 0.207778, 26: 0.986842, 23: 1.0, 4: 1.0, 5: 1.0, 28: 1.0, 24: 0.240917, 12: 1.0, 18: 1.0, 14: 1.0},117000,tensor([-0.0488, -0.0663,  0.0839,  ...,  0.0489, -0.0815,  0.0190])
616,1,tensor(14),{27: 0.986842, 11: 1.0, 25: 0.010638, 16: 0.207778, 26: 0.986842, 23: 1.0, 4: 1.0, 5: 1.0, 28: 1.0, 24: 0.240917, 12: 1.0, 18: 1.0, 14: 1.0},117000,tensor([-0.0488, -0.0663,  0.0839,  ...,  0.0489, -0.0815,  0.0190])
633,1,tensor(14),{27: 0.986842, 11: 1.0, 25: 0.010638, 16: 0.207778, 26: 0.986842, 23: 1.0, 4: 1.0, 5: 1.0, 28: 1.0, 24: 0.240917, 12: 1.0, 18: 1.0, 14: 1.0},117000,tensor([-0.0488, -0.0663,  0.0839,  ...,  0.0489, -0.0815,  0.0190])
653,1,tensor(14),{27: 0.986842, 11: 1.0, 25: 0.010638, 16: 0.207778, 26: 0.986842, 23: 1.0, 4: 1.0, 5: 1.0, 28: 1.0, 24: 0.240917, 12: 1.0, 18: 1.0, 14: 1.0, 17: 0.0},117000,tensor([-0.0488, -0.0663,  0.0839,  ...,  0.0489, -0.0815,  0.0190])
673,1,tensor(14),{27: 0.986842, 11: 1.0, 25: 0.010638, 16: 0.207778, 26: 0.986842, 23: 1.0, 4: 1.0, 5: 1.0, 28: 1.0, 24: 0.240917, 12: 1.0, 18: 1.0, 14: 1.0, 17: 0.138462},117000,tensor([-0.0488, -0.0663,  0.0839,  ...,  0.0489, -0.0815,  0.0190])
693,7,tensor(17),{27: 0.986842, 11: 1.0, 25: 0.010638, 16: 0.207778, 26: 0.986842, 23: 1.0, 4: 1.0, 5: 1.0, 28: 1.0, 24: 0.240917, 12: 1.0, 18: 1.0, 14: 1.0, 17: 1.0},117000,tensor([-0.0146, -0.0622,  0.0735,  ...,  0.0401, -0.0670,  0.0190])
713,7,tensor(17),{27: 0.986842, 11: 1.0, 25: 0.010638, 16: 0.207778, 26: 0.986842, 23: 1.0, 4: 1.0, 5: 1.0, 28: 1.0, 24: 0.240917, 12: 1.0, 18: 1.0, 14: 1.0, 17: 1.0, 6: 0.005952},117000,tensor([-0.0146, -0.0622,  0.0735,  ...,  0.0401, -0.0670,  0.0190])
733,7,tensor(17),{27: 0.986842, 11: 1.0, 25: 0.010638, 16: 0.207778, 26: 0.986842, 23: 1.0, 4: 1.0, 5: 1.0, 28: 1.0, 24: 0.240917, 12: 1.0, 18: 1.0, 14: 1.0, 17: 1.0, 6: 0.122352},117000,tensor([-0.0146, -0.0622,  0.0735,  ...,  0.0401, -0.0670,  0.0190])
754,7,tensor(17),{27: 0.986842, 11: 1.0, 25: 0.010638, 16: 0.207778, 26: 0.986842, 23: 1.0, 4: 1.0, 5: 1.0, 28: 1.0, 24: 0.240917, 12: 1.0, 18: 1.0, 14: 1.0, 17: 1.0, 6: 0.214421, 19: 0.01087},117000,tensor([-0.0146, -0.0622,  0.0735,  ...,  0.0401, -0.0670,  0.0190])
774,7,tensor(17),{27: 0.986842, 11: 1.0, 25: 0.010638, 16: 0.207778, 26: 0.986842, 23: 1.0, 4: 1.0, 5: 1.0, 28: 1.0, 24: 0.240917, 12: 1.0, 18: 1.0, 14: 1.0, 17: 1.0, 6: 0.214421, 19: 0.675325},117000,tensor([-0.0146, -0.0622,  0.0735,  ...,  0.0401, -0.0670,  0.0190])
794,5,tensor(6),{27: 0.986842, 11: 1.0, 25: 0.010638, 16: 0.207778, 26: 0.986842, 23: 1.0, 4: 1.0, 5: 1.0, 28: 1.0, 24: 0.240917, 12: 1.0, 18: 1.0, 14: 1.0, 17: 1.0, 6: 0.31159400939941406, 19: 0.986842},117000,tensor([-0.0211,  0.0025,  0.0780,  ..., -0.0120, -0.0093, -0.0179])
814,2,tensor(6),{27: 0.986842, 11: 1.0, 25: 0.010638, 16: 0.207778, 26: 0.986842, 23: 1.0, 4: 1.0, 5: 1.0, 28: 1.0, 24: 0.240917, 12: 1.0, 18: 1.0, 14: 1.0, 17: 1.0, 6: 0.311594, 19: 1.0, 22: 0.005319},117000,tensor([-0.0211,  0.0025,  0.0780,  ..., -0.0120, -0.0093, -0.0179])
834,2,tensor(6),{27: 0.986842, 11: 1.0, 25: 0.010638, 16: 0.207778, 26: 0.986842, 23: 1.0, 4: 1.0, 5: 1.0, 28: 1.0, 24: 0.240917, 12: 1.0, 18: 1.0, 14: 1.0, 17: 1.0, 6: 0.311594, 19: 1.0, 22: 0.763366},117000,tensor([-0.0211,  0.0025,  0.0780,  ..., -0.0120, -0.0093, -0.0179])
854,2,tensor(6),{27: 0.986842, 11: 1.0, 25: 0.010638, 16: 0.207778, 26: 0.986842, 23: 1.0, 4: 1.0, 5: 1.0, 28: 1.0, 24: 0.240917, 12: 1.0, 18: 1.0, 14: 1.0, 17: 1.0, 6: 0.311594, 19: 1.0, 22: 1.0, 30: 0.0},117000,tensor([-0.0211,  0.0025,  0.0780,  ..., -0.0120, -0.0093, -0.0179])
874,2,tensor(6),{27: 0.986842, 11: 1.0, 25: 0.010638, 16: 0.207778, 26: 0.986842, 23: 1.0, 4: 1.0, 5: 1.0, 28: 1.0, 24: 0.240917, 12: 1.0, 18: 1.0, 14: 1.0, 17: 1.0, 6: 0.311594, 19: 1.0, 22: 1.0, 30: 0.042951},117000,tensor([-0.0211,  0.0025,  0.0780,  ..., -0.0120, -0.0093, -0.0179])
894,4,tensor(19),{27: 0.986842, 11: 1.0, 25: 0.010638, 16: 0.207778, 26: 0.986842, 23: 1.0, 4: 1.0, 5: 1.0, 28: 1.0, 24: 0.240917, 12: 1.0, 18: 1.0, 14: 1.0, 17: 1.0, 6: 0.311594, 19: 1.0, 22: 1.0, 30: 0.932749},117000,tensor([-0.0281, -0.0382,  0.0534,  ...,  0.0476, -0.0518,  0.0146])
914,4,tensor(19),{27: 0.986842, 11: 1.0, 25: 0.010638, 16: 0.207778, 26: 0.986842, 23: 1.0, 4: 1.0, 5: 1.0, 28: 1.0, 24: 0.240917, 12: 1.0, 18: 1.0, 14: 1.0, 17: 1.0, 6: 0.311594, 19: 1.0, 22: 1.0, 30: 0.986842, 29: 0.017499},117000,tensor([-0.0281, -0.0382,  0.0534,  ...,  0.0476, -0.0518,  0.0146])
934,4,tensor(19),{27: 0.986842, 11: 1.0, 25: 0.010638, 16: 0.207778, 26: 0.986842, 23: 1.0, 4: 1.0, 5: 1.0, 28: 1.0, 24: 0.240917, 12: 1.0, 18: 1.0, 14: 1.0, 17: 1.0, 6: 0.311594, 19: 1.0, 22: 1.0, 30: 0.986842, 29: 0.922368},117000,tensor([-0.0281, -0.0382,  0.0534,  ...,  0.0476, -0.0518,  0.0146])
954,4,tensor(19),{27: 0.986842, 11: 1.0, 25: 0.010638, 16: 0.207778, 26: 0.986842, 23: 1.0, 4: 1.0, 5: 1.0, 28: 1.0, 24: 0.240917, 12: 1.0, 18: 1.0, 14: 1.0, 17: 1.0, 6: 0.311594, 19: 1.0, 22: 1.0, 30: 0.986842, 29: 0.959795, 21: 0.0},117000,tensor([-0.0281, -0.0382,  0.0534,  ...,  0.0476, -0.0518,  0.0146])
975,4,tensor(19),{27: 0.986842, 11: 1.0, 25: 0.010638, 16: 0.207778, 26: 0.986842, 23: 1.0, 4: 1.0, 5: 1.0, 28: 1.0, 24: 0.240917, 12: 1.0, 18: 1.0, 14: 1.0, 17: 1.0, 6: 0.311594, 19: 1.0, 22: 1.0, 30: 0.986842, 29: 0.959795, 21: 0.007143},117000,tensor([-0.0281, -0.0382,  0.0534,  ...,  0.0476, -0.0518,  0.0146])
995,1,tensor(22),{27: 0.986842, 11: 1.0, 25: 0.010638, 16: 0.207778, 26: 0.986842, 23: 1.0, 4: 1.0, 5: 1.0, 28: 1.0, 24: 0.240917, 12: 1.0, 18: 1.0, 14: 1.0, 17: 1.0, 6: 0.311594, 19: 1.0, 22: 1.0, 30: 0.986842, 29: 0.959795, 21: 0.986842},117000,tensor([ 0.0126, -0.0916,  0.0839,  ...,  0.0607, -0.0670,  0.0190])
1015,1,tensor(22),{27: 0.986842, 11: 1.0, 25: 0.010638, 16: 0.207778, 26: 0.986842, 23: 1.0, 4: 1.0, 5: 1.0, 28: 1.0, 24: 0.240917, 12: 1.0, 18: 1.0, 14: 1.0, 17: 1.0, 6: 0.311594, 19: 1.0, 22: 1.0, 30: 0.986842, 29: 0.959795, 21: 0.923684, 9: 0.428585},117000,tensor([ 0.0126, -0.0916,  0.0839,  ...,  0.0607, -0.0670,  0.0190])
1035,1,tensor(22),{27: 0.986842, 11: 1.0, 25: 0.010638, 16: 0.207778, 26: 0.986842, 23: 1.0, 4: 1.0, 5: 1.0, 28: 1.0, 24: 0.240917, 12: 1.0, 18: 1.0, 14: 1.0, 17: 1.0, 6: 0.311594, 19: 1.0, 22: 1.0, 30: 0.986842, 29: 0.959795, 21: 0.923684, 9: 0.960526},117000,tensor([ 0.0126, -0.0916,  0.0839,  ...,  0.0607, -0.0670,  0.0190])
1056,1,tensor(22),{27: 0.986842, 11: 1.0, 25: 0.010638, 16: 0.207778, 26: 0.986842, 23: 1.0, 4: 1.0, 5: 1.0, 28: 1.0, 24: 0.240917, 12: 1.0, 18: 1.0, 14: 1.0, 17: 1.0, 6: 0.311594, 19: 1.0, 22: 1.0, 30: 0.986842, 29: 0.959795, 21: 0.923684, 9: 1.0, 10: 0.0},117000,tensor([ 0.0126, -0.0916,  0.0839,  ...,  0.0607, -0.0670,  0.0190])
1076,1,tensor(22),{27: 0.986842, 11: 1.0, 25: 0.010638, 16: 0.207778, 26: 0.986842, 23: 1.0, 4: 1.0, 5: 1.0, 28: 1.0, 24: 0.240917, 12: 1.0, 18: 1.0, 14: 1.0, 17: 1.0, 6: 0.311594, 19: 1.0, 22: 1.0, 30: 0.986842, 29: 0.959795, 21: 0.923684, 9: 1.0, 10: 0.011237},117000,tensor([ 0.0126, -0.0916,  0.0839,  ...,  0.0607, -0.0670,  0.0190])
1096,2,tensor(30),{27: 0.986842, 11: 1.0, 25: 0.010638, 16: 0.207778, 26: 0.986842, 23: 1.0, 4: 1.0, 5: 1.0, 28: 1.0, 24: 0.240917, 12: 1.0, 18: 1.0, 14: 1.0, 17: 1.0, 6: 0.311594, 19: 1.0, 22: 1.0, 30: 1.0, 29: 0.959795, 21: 0.923684, 9: 1.0, 10: 0.921053},117000,tensor([-0.0581, -0.0506,  0.0722,  ...,  0.0467, -0.0598,  0.0190])
1116,2,tensor(30),{27: 0.986842, 11: 1.0, 25: 0.010638, 16: 0.207778, 26: 0.986842, 23: 1.0, 4: 1.0, 5: 1.0, 28: 1.0, 24: 0.240917, 12: 1.0, 18: 1.0, 14: 1.0, 17: 1.0, 6: 0.311594, 19: 1.0, 22: 1.0, 30: 1.0, 29: 0.959795, 21: 0.923684, 9: 1.0, 10: 0.986842, 15: 0.010102},117000,tensor([-0.0581, -0.0506,  0.0722,  ...,  0.0467, -0.0598,  0.0190])
1136,2,tensor(30),{27: 0.986842, 11: 1.0, 25: 0.010638, 16: 0.207778, 26: 0.986842, 23: 1.0, 4: 1.0, 5: 1.0, 28: 1.0, 24: 0.240917, 12: 1.0, 18: 1.0, 14: 1.0, 17: 1.0, 6: 0.311594, 19: 1.0, 22: 1.0, 30: 1.0, 29: 0.959795, 21: 0.923684, 9: 1.0, 10: 0.986842, 15: 0.100534},117000,tensor([-0.0581, -0.0506,  0.0722,  ...,  0.0467, -0.0598,  0.0190])
1156,2,tensor(30),{27: 0.986842, 11: 1.0, 25: 0.010638, 16: 0.207778, 26: 0.986842, 23: 1.0, 4: 1.0, 5: 1.0, 28: 1.0, 24: 0.240917, 12: 1.0, 18: 1.0, 14: 1.0, 17: 1.0, 6: 0.311594, 19: 1.0, 22: 1.0, 30: 1.0, 29: 0.959795, 21: 0.923684, 9: 1.0, 10: 0.986842, 15: 0.227982, 0: 0.0},117000,tensor([-0.0581, -0.0506,  0.0722,  ...,  0.0467, -0.0598,  0.0190])
1176,2,tensor(30),{27: 0.986842, 11: 1.0, 25: 0.010638, 16: 0.207778, 26: 0.986842, 23: 1.0, 4: 1.0, 5: 1.0, 28: 1.0, 24: 0.240917, 12: 1.0, 18: 1.0, 14: 1.0, 17: 1.0, 6: 0.311594, 19: 1.0, 22: 1.0, 30: 1.0, 29: 0.959795, 21: 0.923684, 9: 1.0, 10: 0.986842, 15: 0.227982, 0: 0.716165},117000,tensor([-0.0581, -0.0506,  0.0722,  ...,  0.0467, -0.0598,  0.0190])
1196,2,tensor(29),{27: 0.986842, 11: 1.0, 25: 0.010638, 16: 0.207778, 26: 0.986842, 23: 1.0, 4: 1.0, 5: 1.0, 28: 1.0, 24: 0.240917, 12: 1.0, 18: 1.0, 14: 1.0, 17: 1.0, 6: 0.311594, 19: 1.0, 22: 1.0, 30: 1.0, 29: 1.0, 21: 0.923684, 9: 1.0, 10: 0.986842, 15: 0.227982, 0: 1.0},117000,tensor([-0.0197, -0.0391,  0.0508,  ...,  0.0322, -0.0683,  0.0190])
1216,2,tensor(29),{27: 0.986842, 11: 1.0, 25: 0.010638, 16: 0.207778, 26: 0.986842, 23: 1.0, 4: 1.0, 5: 1.0, 28: 1.0, 24: 0.240917, 12: 1.0, 18: 1.0, 14: 1.0, 17: 1.0, 6: 0.311594, 19: 1.0, 22: 1.0, 30: 1.0, 29: 1.0, 21: 0.923684, 9: 1.0, 10: 0.986842, 15: 0.227982, 0: 1.0, 7: 0.00625},117000,tensor([-0.0197, -0.0391,  0.0508,  ...,  0.0322, -0.0683,  0.0190])
1235,2,tensor(29),{27: 0.986842, 11: 1.0, 25: 0.010638, 16: 0.207778, 26: 0.986842, 23: 1.0, 4: 1.0, 5: 1.0, 28: 1.0, 24: 0.240917, 12: 1.0, 18: 1.0, 14: 1.0, 17: 1.0, 6: 0.311594, 19: 1.0, 22: 1.0, 30: 1.0, 29: 1.0, 21: 0.923684, 9: 1.0, 10: 0.986842, 15: 0.227982, 0: 1.0, 7: 0.177148},117000,tensor([-0.0197, -0.0391,  0.0508,  ...,  0.0322, -0.0683,  0.0190])
1254,2,tensor(29),{27: 0.986842, 11: 1.0, 25: 0.010638, 16: 0.207778, 26: 0.986842, 23: 1.0, 4: 1.0, 5: 1.0, 28: 1.0, 24: 0.240917, 12: 1.0, 18: 1.0, 14: 1.0, 17: 1.0, 6: 0.311594, 19: 1.0, 22: 1.0, 30: 1.0, 29: 1.0, 21: 0.923684, 9: 1.0, 10: 0.986842, 15: 0.227982, 0: 1.0, 7: 0.349242, 3: 0.0},117000,tensor([-0.0197, -0.0391,  0.0508,  ...,  0.0322, -0.0683,  0.0190])
1273,2,tensor(29),{27: 0.986842, 11: 1.0, 25: 0.010638, 16: 0.207778, 26: 0.986842, 23: 1.0, 4: 1.0, 5: 1.0, 28: 1.0, 24: 0.240917, 12: 1.0, 18: 1.0, 14: 1.0, 17: 1.0, 6: 0.311594, 19: 1.0, 22: 1.0, 30: 1.0, 29: 1.0, 21: 0.923684, 9: 1.0, 10: 0.986842, 15: 0.227982, 0: 1.0, 7: 0.349242, 3: 0.434167},117000,tensor([-0.0197, -0.0391,  0.0508,  ...,  0.0322, -0.0683,  0.0190])
1292,3,tensor(21),{27: 0.986842, 11: 1.0, 25: 0.010638, 16: 0.207778, 26: 0.986842, 23: 1.0, 4: 1.0, 5: 1.0, 28: 1.0, 24: 0.240917, 12: 1.0, 18: 1.0, 14: 1.0, 17: 1.0, 6: 0.311594, 19: 1.0, 22: 1.0, 30: 1.0, 29: 1.0, 21: 1.0, 9: 1.0, 10: 0.986842, 15: 0.227982, 0: 1.0, 7: 0.349242, 3: 0.972222},117000,tensor([-0.0334, -0.0597,  0.0835,  ...,  0.0424, -0.0670, -0.0069])
1311,3,tensor(21),{27: 0.986842, 11: 1.0, 25: 0.010638, 16: 0.207778, 26: 0.986842, 23: 1.0, 4: 1.0, 5: 1.0, 28: 1.0, 24: 0.240917, 12: 1.0, 18: 1.0, 14: 1.0, 17: 1.0, 6: 0.311594, 19: 1.0, 22: 1.0, 30: 1.0, 29: 1.0, 21: 1.0, 9: 1.0, 10: 0.986842, 15: 0.227982, 0: 1.0, 7: 0.349242, 3: 1.0, 2: 0.019265},117000,tensor([-0.0334, -0.0597,  0.0835,  ...,  0.0424, -0.0670, -0.0069])
1329,3,tensor(21),{27: 0.986842, 11: 1.0, 25: 0.010638, 16: 0.207778, 26: 0.986842, 23: 1.0, 4: 1.0, 5: 1.0, 28: 1.0, 24: 0.240917, 12: 1.0, 18: 1.0, 14: 1.0, 17: 1.0, 6: 0.311594, 19: 1.0, 22: 1.0, 30: 1.0, 29: 1.0, 21: 1.0, 9: 1.0, 10: 0.986842, 15: 0.227982, 0: 1.0, 7: 0.349242, 3: 1.0, 2: 0.932749},117000,tensor([-0.0334, -0.0597,  0.0835,  ...,  0.0424, -0.0670, -0.0069])
1348,3,tensor(21),{27: 0.986842, 11: 1.0, 25: 0.010638, 16: 0.207778, 26: 0.986842, 23: 1.0, 4: 1.0, 5: 1.0, 28: 1.0, 24: 0.240917, 12: 1.0, 18: 1.0, 14: 1.0, 17: 1.0, 6: 0.311594, 19: 1.0, 22: 1.0, 30: 1.0, 29: 1.0, 21: 1.0, 9: 1.0, 10: 0.986842, 15: 0.227982, 0: 1.0, 7: 0.349242, 3: 1.0, 2: 1.0},117000,tensor([-0.0334, -0.0597,  0.0835,  ...,  0.0424, -0.0670, -0.0069])
1366,2,tensor(21),{27: 0.986842, 11: 1.0, 25: 0.010638, 16: 0.207778, 26: 0.986842, 23: 1.0, 4: 1.0, 5: 1.0, 28: 1.0, 24: 0.240917, 12: 1.0, 18: 1.0, 14: 1.0, 17: 1.0, 6: 0.311594, 19: 1.0, 22: 1.0, 30: 1.0, 29: 1.0, 21: 1.0, 9: 1.0, 10: 0.986842, 15: 0.227982, 0: 1.0, 7: 0.349242, 3: 1.0, 2: 0.986842, 20: 0.030814},117000,tensor([-0.0334, -0.0597,  0.0835,  ...,  0.0424, -0.0670, -0.0069])
1385,1,tensor(9),{27: 0.986842, 11: 1.0, 25: 0.010638, 16: 0.207778, 26: 0.986842, 23: 1.0, 4: 1.0, 5: 1.0, 28: 1.0, 24: 0.240917, 12: 1.0, 18: 1.0, 14: 1.0, 17: 1.0, 6: 0.311594, 19: 1.0, 22: 1.0, 30: 1.0, 29: 1.0, 21: 1.0, 9: 1.0, 10: 0.986842, 15: 0.227982, 0: 1.0, 7: 0.349242, 3: 1.0, 2: 0.986842, 20: 0.972222},117000,tensor([-0.0152, -0.0212,  0.0537,  ..., -0.0159, -0.0192, -0.0150])
1404,1,tensor(9),{27: 0.986842, 11: 1.0, 25: 0.010638, 16: 0.207778, 26: 0.986842, 23: 1.0, 4: 1.0, 5: 1.0, 28: 1.0, 24: 0.240917, 12: 1.0, 18: 1.0, 14: 1.0, 17: 1.0, 6: 0.311594, 19: 1.0, 22: 1.0, 30: 1.0, 29: 1.0, 21: 1.0, 9: 1.0, 10: 0.986842, 15: 0.227982, 0: 1.0, 7: 0.349242, 3: 1.0, 2: 0.986842, 20: 0.986842, 8: 0.0},117000,tensor([-0.0152, -0.0212,  0.0537,  ..., -0.0159, -0.0192, -0.0150])
1422,1,tensor(9),{27: 0.986842, 11: 1.0, 25: 0.010638, 16: 0.207778, 26: 0.986842, 23: 1.0, 4: 1.0, 5: 1.0, 28: 1.0, 24: 0.240917, 12: 1.0, 18: 1.0, 14: 1.0, 17: 1.0, 6: 0.311594, 19: 1.0, 22: 1.0, 30: 1.0, 29: 1.0, 21: 1.0, 9: 1.0, 10: 0.986842, 15: 0.227982, 0: 1.0, 7: 0.349242, 3: 1.0, 2: 0.986842, 20: 0.986842, 8: 0.005952},117000,tensor([-0.0152, -0.0212,  0.0537,  ..., -0.0159, -0.0192, -0.0150])
1441,1,tensor(9),{27: 0.986842, 11: 1.0, 25: 0.010638, 16: 0.207778, 26: 0.986842, 23: 1.0, 4: 1.0, 5: 1.0, 28: 1.0, 24: 0.240917, 12: 1.0, 18: 1.0, 14: 1.0, 17: 1.0, 6: 0.311594, 19: 1.0, 22: 1.0, 30: 1.0, 29: 1.0, 21: 1.0, 9: 1.0, 10: 0.986842, 15: 0.227982, 0: 1.0, 7: 0.349242, 3: 1.0, 2: 0.986842, 20: 0.986842, 8: 0.647944},117000,tensor([-0.0152, -0.0212,  0.0537,  ..., -0.0159, -0.0192, -0.0150])
1460,1,tensor(9),{27: 0.986842, 11: 1.0, 25: 0.010638, 16: 0.207778, 26: 0.986842, 23: 1.0, 4: 1.0, 5: 1.0, 28: 1.0, 24: 0.240917, 12: 1.0, 18: 1.0, 14: 1.0, 17: 1.0, 6: 0.311594, 19: 1.0, 22: 1.0, 30: 1.0, 29: 1.0, 21: 1.0, 9: 1.0, 10: 0.986842, 15: 0.227982, 0: 1.0, 7: 0.349242, 3: 1.0, 2: 0.986842, 20: 0.986842, 8: 0.895249, 13: 0.075962},117000,tensor([-0.0152, -0.0212,  0.0537,  ..., -0.0159, -0.0192, -0.0150])
1479,1,tensor(10),{27: 0.986842, 11: 1.0, 25: 0.010638, 16: 0.207778, 26: 0.986842, 23: 1.0, 4: 1.0, 5: 1.0, 28: 1.0, 24: 0.240917, 12: 1.0, 18: 1.0, 14: 1.0, 17: 1.0, 6: 0.311594, 19: 1.0, 22: 1.0, 30: 1.0, 29: 1.0, 21: 1.0, 9: 1.0, 10: 1.0, 15: 0.227982, 0: 1.0, 7: 0.349242, 3: 1.0, 2: 0.986842, 20: 0.986842, 8: 0.895249, 13: 0.959064},117000,tensor([-0.0327, -0.0173,  0.0536,  ..., -0.0296, -0.0117, -0.0076])
1498,1,tensor(10),{27: 0.986842, 11: 1.0, 25: 0.010638, 16: 0.207778, 26: 0.986842, 23: 1.0, 4: 1.0, 5: 1.0, 28: 1.0, 24: 0.240917, 12: 1.0, 18: 1.0, 14: 1.0, 17: 1.0, 6: 0.311594, 19: 1.0, 22: 1.0, 30: 1.0, 29: 1.0, 21: 1.0, 9: 1.0, 10: 1.0, 15: 0.227982, 0: 1.0, 7: 0.349242, 3: 1.0, 2: 0.986842, 20: 0.986842, 8: 0.895249, 13: 1.0},117000,tensor([-0.0327, -0.0173,  0.0536,  ..., -0.0296, -0.0117, -0.0076])
1517,1,tensor(10),{27: 0.986842, 11: 1.0, 25: 0.010638, 16: 0.207778, 26: 0.986842, 23: 1.0, 4: 1.0, 5: 1.0, 28: 1.0, 24: 0.240917, 12: 1.0, 18: 1.0, 14: 1.0, 17: 1.0, 6: 0.311594, 19: 1.0, 22: 1.0, 30: 1.0, 29: 1.0, 21: 1.0, 9: 1.0, 10: 1.0, 15: 0.227982, 0: 1.0, 7: 0.349242, 3: 1.0, 2: 0.986842, 20: 0.986842, 8: 0.895249, 13: 0.972953, 31: 0.011932},117000,tensor([-0.0327, -0.0173,  0.0536,  ..., -0.0296, -0.0117, -0.0076])
1536,1,tensor(10),{27: 0.986842, 11: 1.0, 25: 0.010638, 16: 0.207778, 26: 0.986842, 23: 1.0, 4: 1.0, 5: 1.0, 28: 1.0, 24: 0.240917, 12: 1.0, 18: 1.0, 14: 1.0, 17: 1.0, 6: 0.311594, 19: 1.0, 22: 1.0, 30: 1.0, 29: 1.0, 21: 1.0, 9: 1.0, 10: 1.0, 15: 0.227982, 0: 1.0, 7: 0.349242, 3: 1.0, 2: 0.986842, 20: 0.986842, 8: 0.895249, 13: 0.972953, 31: 0.894737},117000,tensor([-0.0327, -0.0173,  0.0536,  ..., -0.0296, -0.0117, -0.0076])
1555,1,tensor(10),{27: 0.986842, 11: 1.0, 25: 0.010638, 16: 0.207778, 26: 0.986842, 23: 1.0, 4: 1.0, 5: 1.0, 28: 1.0, 24: 0.240917, 12: 1.0, 18: 1.0, 14: 1.0, 17: 1.0, 6: 0.311594, 19: 1.0, 22: 1.0, 30: 1.0, 29: 1.0, 21: 1.0, 9: 1.0, 10: 1.0, 15: 0.227982, 0: 1.0, 7: 0.349242, 3: 1.0, 2: 0.986842, 20: 0.986842, 8: 0.895249, 13: 0.972953, 31: 0.960526, 1: 0.0},117000,tensor([-0.0327, -0.0173,  0.0536,  ..., -0.0296, -0.0117, -0.0076])
1574,5,tensor(15),{27: 0.986842, 11: 1.0, 25: 0.010638, 16: 0.207778, 26: 0.986842, 23: 1.0, 4: 1.0, 5: 1.0, 28: 1.0, 24: 0.240917, 12: 1.0, 18: 1.0, 14: 1.0, 17: 1.0, 6: 0.311594, 19: 1.0, 22: 1.0, 30: 1.0, 29: 1.0, 21: 1.0, 9: 1.0, 10: 1.0, 15: 0.2774899899959564, 0: 1.0, 7: 0.349242, 3: 1.0, 2: 0.986842, 20: 0.986842, 8: 0.895249, 13: 0.972953, 31: 0.960526, 1: 0.0},117000,tensor([ 0.0139, -0.0675,  0.0767,  ...,  0.0286, -0.0582,  0.0086])
1593,5,tensor(15),{27: 0.986842, 11: 1.0, 25: 0.010638, 16: 0.207778, 26: 0.986842, 23: 1.0, 4: 1.0, 5: 1.0, 28: 1.0, 24: 0.240917, 12: 1.0, 18: 1.0, 14: 1.0, 17: 1.0, 6: 0.311594, 19: 1.0, 22: 1.0, 30: 1.0, 29: 1.0, 21: 1.0, 9: 1.0, 10: 1.0, 15: 0.27749, 0: 1.0, 7: 0.349242, 3: 1.0, 2: 0.986842, 20: 0.986842, 8: 0.895249, 13: 0.972953, 31: 0.960526, 1: 0.017097},117000,tensor([ 0.0139, -0.0675,  0.0767,  ...,  0.0286, -0.0582,  0.0086])
